id,progress_ms,context,playlist_uri,time
0w57Y6usGOz6jz99s6eXkO,96317,playlist,spotify:playlist:4sbwvhxD0eE6JbpTpNGnHu,1665114573.9209344
32FMAbZAzs3D70UuvnN6y4,76349,playlist,spotify:playlist:4sbwvhxD0eE6JbpTpNGnHu,1665114649.513377
6MjNilJCVKJq0LfFvo5jWJ,104590,playlist,spotify:playlist:4sbwvhxD0eE6JbpTpNGnHu,1665114753.882488
7wIcRhedBpZGpLf9PGKUEh,172849,playlist,spotify:playlist:4sbwvhxD0eE6JbpTpNGnHu,1665114926.5192156
2qiadkWrq9h1i34Ut7KeTh,86148,playlist,spotify:playlist:4sbwvhxD0eE6JbpTpNGnHu,1665115012.1476629
0AlQL0hBWA1yTodHv30eYn,165762,playlist,spotify:playlist:4sbwvhxD0eE6JbpTpNGnHu,1665115177.5460622
6bVFrhyMHTWzRe5v5RTnSA,156188,playlist,spotify:playlist:4sbwvhxD0eE6JbpTpNGnHu,1665115334.757098
5JY5XNdyskEurS85nHeKr3,195220,playlist,spotify:playlist:4sbwvhxD0eE6JbpTpNGnHu,1665115529.7194593
5lZtXVDsSQaa43CfCuTx1F,101647,playlist,spotify:playlist:4sbwvhxD0eE6JbpTpNGnHu,1665115631.6640089
3MmCFghNjzZMn3HKqbVizn,33014,playlist,spotify:playlist:4sbwvhxD0eE6JbpTpNGnHu,1665115664.045676
5r64v5lI7wzteBY84dBvOT,171744,playlist,spotify:playlist:4sbwvhxD0eE6JbpTpNGnHu,1665115835.305017
24ovEYWV3PjlLOSsmNEWQv,243813,playlist,spotify:playlist:4sbwvhxD0eE6JbpTpNGnHu,1665116078.9715214
4aPzU7jCuoBibw6zGuzRdq,138551,playlist,spotify:playlist:4sbwvhxD0eE6JbpTpNGnHu,1665116217.6414082
5cSg8SdClubjZ32WrKwzAW,162261,playlist,spotify:playlist:4sbwvhxD0eE6JbpTpNGnHu,1665116379.0576355
0uqc00wyYU4ikXuVFDaqux,135233,playlist,spotify:playlist:4sbwvhxD0eE6JbpTpNGnHu,1665116514.802185
0Av7Ar6HYYeCKVYbDSQSbY,77406,playlist,spotify:playlist:4sbwvhxD0eE6JbpTpNGnHu,1665116591.7971299
2MyF6gLfTUve0eXR9rWbcI,143797,playlist,spotify:playlist:4sbwvhxD0eE6JbpTpNGnHu,1665116734.8081832
2mzrBSA0RI0VOWwZxzHGnv,182000,playlist,spotify:playlist:4sbwvhxD0eE6JbpTpNGnHu,1665116916.5351064
6ddxSkfDxR8krMcheEmuzL,106977,playlist,spotify:playlist:4sbwvhxD0eE6JbpTpNGnHu,1665122709.2957642
6M1nfYPKy7DRk3IrhFVViQ,181660,playlist,spotify:playlist:4sbwvhxD0eE6JbpTpNGnHu,1665123797.7287424
3DIRkZsEx7zFl6ow9qsyHz,134000,playlist,spotify:playlist:4sbwvhxD0eE6JbpTpNGnHu,1665123932.3786383
7CLn8kURV1kTQmARRCSEQ3,157089,playlist,spotify:playlist:4sbwvhxD0eE6JbpTpNGnHu,1665124089.7999678
4qahEWQ9T4MlTFnDqbWtQU,156038,playlist,spotify:playlist:4sbwvhxD0eE6JbpTpNGnHu,1665124247.2334106
6mWCikZXHCCnEwkwyJ2L8G,147183,playlist,spotify:playlist:4sbwvhxD0eE6JbpTpNGnHu,1665124394.8786387
2cvOfKHOHgwQlLiuLKP2xR,158120,playlist,spotify:playlist:4sbwvhxD0eE6JbpTpNGnHu,1665124552.8006053
02gGfhPHk5NuN0mgbKpU4Y,80520,playlist,spotify:playlist:4sbwvhxD0eE6JbpTpNGnHu,1665125334.5152915
18ogPzQRSl9oUcYUS35g7D,183564,playlist,spotify:playlist:4sbwvhxD0eE6JbpTpNGnHu,1665125438.5792048
6ddxSkfDxR8krMcheEmuzL,221068,playlist,spotify:playlist:4sbwvhxD0eE6JbpTpNGnHu,1665125659.2773223
6Jg3EeDICY79tUMfXNbS9Y,5525,playlist,spotify:playlist:4sbwvhxD0eE6JbpTpNGnHu,1665125664.721674
1r8ZCjfrQxoy2wVaBUbpwg,164090,playlist,spotify:playlist:4sbwvhxD0eE6JbpTpNGnHu,1665125827.834324
0UJP4F2kGFf3ZhbV2QfFgu,161138,playlist,spotify:playlist:4sbwvhxD0eE6JbpTpNGnHu,1665125990.6752055
0jcPxc7Fme2oYb2MfFkOy6,215394,playlist,spotify:playlist:4sbwvhxD0eE6JbpTpNGnHu,1665126206.5331478
5cSg8SdClubjZ32WrKwzAW,77694,playlist,spotify:playlist:4sbwvhxD0eE6JbpTpNGnHu,1665128164.4243367
45HHTHXv7gQ5q2r89ui2Fy,127625,playlist,spotify:playlist:4sbwvhxD0eE6JbpTpNGnHu,1665128291.334604
0Av7Ar6HYYeCKVYbDSQSbY,143910,playlist,spotify:playlist:4sbwvhxD0eE6JbpTpNGnHu,1665128434.9377165
1Hdh6lJUR1WZCiNPVWxLTA,6828,playlist,spotify:playlist:4sbwvhxD0eE6JbpTpNGnHu,1665128442.6159585
2cvOfKHOHgwQlLiuLKP2xR,157409,playlist,spotify:playlist:4sbwvhxD0eE6JbpTpNGnHu,1665128599.2272544
24ovEYWV3PjlLOSsmNEWQv,243344,playlist,spotify:playlist:4sbwvhxD0eE6JbpTpNGnHu,1665128858.052805
0DntsVelzYRISWeBf4rmah,131396,playlist,spotify:playlist:4sbwvhxD0eE6JbpTpNGnHu,1665128990.3472755
6wFqLYmiXyGvprbWa4ogm8,31106,playlist,spotify:playlist:4sbwvhxD0eE6JbpTpNGnHu,1665129021.0021217
7wIcRhedBpZGpLf9PGKUEh,172145,playlist,spotify:playlist:4sbwvhxD0eE6JbpTpNGnHu,1665129192.3002956
2RJo6RNV5dpjLh6Co4nPsI,173923,playlist,spotify:playlist:4sbwvhxD0eE6JbpTpNGnHu,1665129367.2049916
1r8ZCjfrQxoy2wVaBUbpwg,164781,playlist,spotify:playlist:4sbwvhxD0eE6JbpTpNGnHu,1665129533.073841
0Av7Ar6HYYeCKVYbDSQSbY,11738,playlist,spotify:playlist:4sbwvhxD0eE6JbpTpNGnHu,1665129544.0269256
18ogPzQRSl9oUcYUS35g7D,184946,playlist,spotify:playlist:4sbwvhxD0eE6JbpTpNGnHu,1665129728.367766
4VONhqGmUBlYmlBKQlyims,150093,playlist,spotify:playlist:4sbwvhxD0eE6JbpTpNGnHu,1665129878.840857
36ibjANovvUo60xwamxLt7,170156,playlist,spotify:playlist:4sbwvhxD0eE6JbpTpNGnHu,1665130049.3052654
2cvOfKHOHgwQlLiuLKP2xR,158120,playlist,spotify:playlist:4sbwvhxD0eE6JbpTpNGnHu,1665130207.676891
5lZtXVDsSQaa43CfCuTx1F,101647,playlist,spotify:playlist:4sbwvhxD0eE6JbpTpNGnHu,1665130309.3265247
20O2mCvJkmrZ5RNED9tbpu,119066,playlist,spotify:playlist:4sbwvhxD0eE6JbpTpNGnHu,1665130429.5769696
0AlQL0hBWA1yTodHv30eYn,165762,playlist,spotify:playlist:4sbwvhxD0eE6JbpTpNGnHu,1665130595.5987985
0DntsVelzYRISWeBf4rmah,131396,playlist,spotify:playlist:4sbwvhxD0eE6JbpTpNGnHu,1665130727.8923087
2k5rWMAz9RvFS3k3kk3cc5,135000,playlist,spotify:playlist:4sbwvhxD0eE6JbpTpNGnHu,1665130863.4850614
6IirkWmtTPvDHg5J9IpxYS,145096,playlist,spotify:playlist:4sbwvhxD0eE6JbpTpNGnHu,1665131009.086955
4qahEWQ9T4MlTFnDqbWtQU,156038,playlist,spotify:playlist:4sbwvhxD0eE6JbpTpNGnHu,1665131164.864387
2tijppLc0gaWA2AfPDANvq,168180,playlist,spotify:playlist:4sbwvhxD0eE6JbpTpNGnHu,1665131333.7198267
1w9L6dvttZalWd8XqFYvSa,135000,playlist,spotify:playlist:4sbwvhxD0eE6JbpTpNGnHu,1665131469.2759411
6wFqLYmiXyGvprbWa4ogm8,202779,playlist,spotify:playlist:4sbwvhxD0eE6JbpTpNGnHu,1665131672.765658
5r64v5lI7wzteBY84dBvOT,22153,playlist,spotify:playlist:4sbwvhxD0eE6JbpTpNGnHu,1665132797.8371556
3Bgl1xMI00capuTqUHBNUW,184093,playlist,spotify:playlist:4sbwvhxD0eE6JbpTpNGnHu,1665132981.5238903
5JY5XNdyskEurS85nHeKr3,195220,playlist,spotify:playlist:4sbwvhxD0eE6JbpTpNGnHu,1665133176.6291006
0hGRIPiiHZKFSXvvUqeXSX,171226,playlist,spotify:playlist:4sbwvhxD0eE6JbpTpNGnHu,1665133348.9297748
0SkAhwaQTzxKE4luHN0H4m,170458,playlist,spotify:playlist:4sbwvhxD0eE6JbpTpNGnHu,1665133519.1777458
2Pg7akoQO6dVVfGd3tWUV8,129396,playlist,spotify:playlist:4sbwvhxD0eE6JbpTpNGnHu,1665133649.0436995
5PmtPTXrLqgqQfqngsUqZp,114427,playlist,spotify:playlist:4sbwvhxD0eE6JbpTpNGnHu,1665133764.1573248
32FMAbZAzs3D70UuvnN6y4,164174,playlist,spotify:playlist:4sbwvhxD0eE6JbpTpNGnHu,1665133929.3409264
0w57Y6usGOz6jz99s6eXkO,190524,playlist,spotify:playlist:4sbwvhxD0eE6JbpTpNGnHu,1665134120.1986492
0uqc00wyYU4ikXuVFDaqux,135233,playlist,spotify:playlist:4sbwvhxD0eE6JbpTpNGnHu,1665134256.3833747
3x04ph0jWlk4EgxgQ42gdK,141956,playlist,spotify:playlist:4sbwvhxD0eE6JbpTpNGnHu,1665134398.6716032
7CLn8kURV1kTQmARRCSEQ3,157089,playlist,spotify:playlist:4sbwvhxD0eE6JbpTpNGnHu,1665134555.758431
4aPzU7jCuoBibw6zGuzRdq,194810,playlist,spotify:playlist:4sbwvhxD0eE6JbpTpNGnHu,1665134751.045339
6bVFrhyMHTWzRe5v5RTnSA,156188,playlist,spotify:playlist:4sbwvhxD0eE6JbpTpNGnHu,1665134908.310703
7w2iqaRxQgAGnkOdMhsiqu,191973,playlist,spotify:playlist:4sbwvhxD0eE6JbpTpNGnHu,1665135100.457003
20GbyJrUmAAZIt2x180YUF,154787,playlist,spotify:playlist:4sbwvhxD0eE6JbpTpNGnHu,1665135255.235758
7l8MgcIPx3tDfNpyKzr9ey,46754,playlist,spotify:playlist:4sbwvhxD0eE6JbpTpNGnHu,1665135302.0152092
3A9RV7frnaeqKGvF7kb0vd,125951,playlist,spotify:playlist:4sbwvhxD0eE6JbpTpNGnHu,1665135426.9520633
2qiadkWrq9h1i34Ut7KeTh,173066,playlist,spotify:playlist:4sbwvhxD0eE6JbpTpNGnHu,1665135600.333527
1HMwQR2U8VBEow0JzOAmA4,169789,playlist,spotify:playlist:4sbwvhxD0eE6JbpTpNGnHu,1665135770.8966277
5cSg8SdClubjZ32WrKwzAW,162711,playlist,spotify:playlist:4sbwvhxD0eE6JbpTpNGnHu,1665135934.586756
1Hdh6lJUR1WZCiNPVWxLTA,137721,playlist,spotify:playlist:4sbwvhxD0eE6JbpTpNGnHu,1665136072.791841
5OJmt1xiOHZJGx8wTUAjEC,151724,playlist,spotify:playlist:4sbwvhxD0eE6JbpTpNGnHu,1665136224.2484028
3FcsP46yuD5OhisPkp0jFT,138212,playlist,spotify:playlist:4sbwvhxD0eE6JbpTpNGnHu,1665136363.962779
6Jg3EeDICY79tUMfXNbS9Y,168817,playlist,spotify:playlist:4sbwvhxD0eE6JbpTpNGnHu,1665136532.522748
0jcPxc7Fme2oYb2MfFkOy6,215394,playlist,spotify:playlist:4sbwvhxD0eE6JbpTpNGnHu,1665136748.764522
6VN3dKYTClhY5eYQEnBehr,203972,playlist,spotify:playlist:4sbwvhxD0eE6JbpTpNGnHu,1665136953.8684595
2mzrBSA0RI0VOWwZxzHGnv,182000,playlist,spotify:playlist:4sbwvhxD0eE6JbpTpNGnHu,1665137136.3806777
2MyF6gLfTUve0eXR9rWbcI,143909,playlist,spotify:playlist:4sbwvhxD0eE6JbpTpNGnHu,1665137281.4524949
1rt9XZv70RLjjdeG6MDh1y,202273,playlist,spotify:playlist:4sbwvhxD0eE6JbpTpNGnHu,1665137484.2571821
02gGfhPHk5NuN0mgbKpU4Y,178787,playlist,spotify:playlist:4sbwvhxD0eE6JbpTpNGnHu,1665137663.3510382
0UJP4F2kGFf3ZhbV2QfFgu,162000,playlist,spotify:playlist:4sbwvhxD0eE6JbpTpNGnHu,1665137825.517387
2s14ypvd880AiEfZssEjaY,143587,playlist,spotify:playlist:4sbwvhxD0eE6JbpTpNGnHu,1665137969.5673697
1H7GjHUmLxp2NRSwDC3eso,179024,playlist,spotify:playlist:4sbwvhxD0eE6JbpTpNGnHu,1665138149.3350427
1rt9XZv70RLjjdeG6MDh1y,201332,playlist,spotify:playlist:4sbwvhxD0eE6JbpTpNGnHu,1665166239.0329862
6MjNilJCVKJq0LfFvo5jWJ,208517,playlist,spotify:playlist:4sbwvhxD0eE6JbpTpNGnHu,1665166447.4346533
7CLn8kURV1kTQmARRCSEQ3,157089,playlist,spotify:playlist:4sbwvhxD0eE6JbpTpNGnHu,1665166604.979873
20O2mCvJkmrZ5RNED9tbpu,117679,playlist,spotify:playlist:4sbwvhxD0eE6JbpTpNGnHu,1665166724.660707
2MyF6gLfTUve0eXR9rWbcI,143909,playlist,spotify:playlist:4sbwvhxD0eE6JbpTpNGnHu,1665166869.3462129
0uqc00wyYU4ikXuVFDaqux,134152,playlist,spotify:playlist:4sbwvhxD0eE6JbpTpNGnHu,1665167057.623212
0hGRIPiiHZKFSXvvUqeXSX,171226,playlist,spotify:playlist:4sbwvhxD0eE6JbpTpNGnHu,1665167229.9193604
18ogPzQRSl9oUcYUS35g7D,184946,playlist,spotify:playlist:4sbwvhxD0eE6JbpTpNGnHu,1665167415.7926087
6ddxSkfDxR8krMcheEmuzL,221318,playlist,spotify:playlist:4sbwvhxD0eE6JbpTpNGnHu,1665167637.3375685
6Jg3EeDICY79tUMfXNbS9Y,168975,playlist,spotify:playlist:4sbwvhxD0eE6JbpTpNGnHu,1665167806.9195962
1r8ZCjfrQxoy2wVaBUbpwg,164781,playlist,spotify:playlist:4sbwvhxD0eE6JbpTpNGnHu,1665167972.7407768
0UJP4F2kGFf3ZhbV2QfFgu,161187,playlist,spotify:playlist:4sbwvhxD0eE6JbpTpNGnHu,1665168135.1427352
0jcPxc7Fme2oYb2MfFkOy6,215394,playlist,spotify:playlist:4sbwvhxD0eE6JbpTpNGnHu,1665168351.1266408
3DIRkZsEx7zFl6ow9qsyHz,74023,playlist,spotify:playlist:4sbwvhxD0eE6JbpTpNGnHu,1665168424.4521594
36ibjANovvUo60xwamxLt7,9368,playlist,spotify:playlist:4sbwvhxD0eE6JbpTpNGnHu,1665168433.257468
4aPzU7jCuoBibw6zGuzRdq,194810,playlist,spotify:playlist:4sbwvhxD0eE6JbpTpNGnHu,1665168627.379154
7pkpdj7AWQjujxxe38WF8f,163373,playlist,spotify:playlist:4sbwvhxD0eE6JbpTpNGnHu,1665168793.0539618
7wIcRhedBpZGpLf9PGKUEh,173250,playlist,spotify:playlist:4sbwvhxD0eE6JbpTpNGnHu,1665168964.7517927
5PmtPTXrLqgqQfqngsUqZp,114427,playlist,spotify:playlist:4sbwvhxD0eE6JbpTpNGnHu,1665169079.2710311
3Bgl1xMI00capuTqUHBNUW,184093,playlist,spotify:playlist:4sbwvhxD0eE6JbpTpNGnHu,1665169264.0528483
6D7Y1ifRZYfqaTvffJ2zGT,88840,playlist,spotify:playlist:4sbwvhxD0eE6JbpTpNGnHu,1665169352.9280663
0o8iO4tGwKdxRePgMo9Qrw,144608,playlist,spotify:playlist:4sbwvhxD0eE6JbpTpNGnHu,1665169497.1524124
6mWCikZXHCCnEwkwyJ2L8G,147183,playlist,spotify:playlist:4sbwvhxD0eE6JbpTpNGnHu,1665169644.770401
2ZQLEuaDw9rxJ5u5YR0KEw,142663,playlist,spotify:playlist:4sbwvhxD0eE6JbpTpNGnHu,1665169787.7651684
0pM1oWq2iw8W0AY6ORdC0x,150118,playlist,spotify:playlist:4sbwvhxD0eE6JbpTpNGnHu,1665169939.1227026
5cSg8SdClubjZ32WrKwzAW,162409,playlist,spotify:playlist:4sbwvhxD0eE6JbpTpNGnHu,1665170102.8198814
45HHTHXv7gQ5q2r89ui2Fy,126935,playlist,spotify:playlist:4sbwvhxD0eE6JbpTpNGnHu,1665170230.9135764
0Av7Ar6HYYeCKVYbDSQSbY,66760,playlist,spotify:playlist:4sbwvhxD0eE6JbpTpNGnHu,1665170310.6692271
1Hdh6lJUR1WZCiNPVWxLTA,3153,playlist,spotify:playlist:4sbwvhxD0eE6JbpTpNGnHu,1665170312.9243495
2cvOfKHOHgwQlLiuLKP2xR,157064,playlist,spotify:playlist:4sbwvhxD0eE6JbpTpNGnHu,1665170469.4961014
24ovEYWV3PjlLOSsmNEWQv,242762,playlist,spotify:playlist:4sbwvhxD0eE6JbpTpNGnHu,1665170802.346217
0DntsVelzYRISWeBf4rmah,111940,playlist,spotify:playlist:4sbwvhxD0eE6JbpTpNGnHu,1665170914.474417
6wFqLYmiXyGvprbWa4ogm8,201647,playlist,spotify:playlist:4sbwvhxD0eE6JbpTpNGnHu,1665171115.9795244
6VN3dKYTClhY5eYQEnBehr,203972,playlist,spotify:playlist:4sbwvhxD0eE6JbpTpNGnHu,1665171321.7089372
2qiadkWrq9h1i34Ut7KeTh,173066,playlist,spotify:playlist:4sbwvhxD0eE6JbpTpNGnHu,1665171495.4181466
6IirkWmtTPvDHg5J9IpxYS,145096,playlist,spotify:playlist:4sbwvhxD0eE6JbpTpNGnHu,1665171640.3706589
6M1nfYPKy7DRk3IrhFVViQ,182547,playlist,spotify:playlist:4sbwvhxD0eE6JbpTpNGnHu,1665171824.167343
5YSu5bnAHeB7pn43F9wdbm,153882,playlist,spotify:playlist:4sbwvhxD0eE6JbpTpNGnHu,1665171978.4608462
2RJo6RNV5dpjLh6Co4nPsI,173923,playlist,spotify:playlist:4sbwvhxD0eE6JbpTpNGnHu,1665172152.272703
3MmCFghNjzZMn3HKqbVizn,154767,playlist,spotify:playlist:4sbwvhxD0eE6JbpTpNGnHu,1665172308.1191468
0w57Y6usGOz6jz99s6eXkO,23639,playlist,spotify:playlist:4sbwvhxD0eE6JbpTpNGnHu,1665172331.427014
2k5rWMAz9RvFS3k3kk3cc5,134411,playlist,spotify:playlist:4sbwvhxD0eE6JbpTpNGnHu,1665172464.7933686
1w9L6dvttZalWd8XqFYvSa,135000,playlist,spotify:playlist:4sbwvhxD0eE6JbpTpNGnHu,1665172600.913383
4VONhqGmUBlYmlBKQlyims,150093,playlist,spotify:playlist:4sbwvhxD0eE6JbpTpNGnHu,1665172751.3860037
5OJmt1xiOHZJGx8wTUAjEC,151724,playlist,spotify:playlist:4sbwvhxD0eE6JbpTpNGnHu,1665172903.2465682
5lZtXVDsSQaa43CfCuTx1F,101647,playlist,spotify:playlist:4sbwvhxD0eE6JbpTpNGnHu,1665173005.1929164
2s14ypvd880AiEfZssEjaY,143587,playlist,spotify:playlist:4sbwvhxD0eE6JbpTpNGnHu,1665173149.297237
2tijppLc0gaWA2AfPDANvq,168180,playlist,spotify:playlist:4sbwvhxD0eE6JbpTpNGnHu,1665173318.2836053
7w2iqaRxQgAGnkOdMhsiqu,191973,playlist,spotify:playlist:4sbwvhxD0eE6JbpTpNGnHu,1665173510.6028342
6BxL2JcykvCLnsLzmbHRJr,130250,playlist,spotify:playlist:4sbwvhxD0eE6JbpTpNGnHu,1665173642.2462845
2mzrBSA0RI0VOWwZxzHGnv,182000,playlist,spotify:playlist:4sbwvhxD0eE6JbpTpNGnHu,1665173824.479439
32FMAbZAzs3D70UuvnN6y4,164174,playlist,spotify:playlist:4sbwvhxD0eE6JbpTpNGnHu,1665173989.0491495
3A9RV7frnaeqKGvF7kb0vd,126316,playlist,spotify:playlist:4sbwvhxD0eE6JbpTpNGnHu,1665174115.7866118
5JY5XNdyskEurS85nHeKr3,195220,playlist,spotify:playlist:4sbwvhxD0eE6JbpTpNGnHu,1665174311.6837115
2Pg7akoQO6dVVfGd3tWUV8,129396,playlist,spotify:playlist:4sbwvhxD0eE6JbpTpNGnHu,1665174441.1770122
4qahEWQ9T4MlTFnDqbWtQU,156038,playlist,spotify:playlist:4sbwvhxD0eE6JbpTpNGnHu,1665174597.396552
0AlQL0hBWA1yTodHv30eYn,165762,playlist,spotify:playlist:4sbwvhxD0eE6JbpTpNGnHu,1665174763.8908293
4FtZXSr2f2ztG5y69d3cNm,106378,playlist,spotify:playlist:4sbwvhxD0eE6JbpTpNGnHu,1665174870.835208
02gGfhPHk5NuN0mgbKpU4Y,178787,playlist,spotify:playlist:4sbwvhxD0eE6JbpTpNGnHu,1665175049.796309
6bVFrhyMHTWzRe5v5RTnSA,156188,playlist,spotify:playlist:4sbwvhxD0eE6JbpTpNGnHu,1665175206.9022439
10omO03JNpJwhjo538gdNc,134498,playlist,spotify:playlist:4sbwvhxD0eE6JbpTpNGnHu,1665175341.4386213
5r64v5lI7wzteBY84dBvOT,171833,playlist,spotify:playlist:4sbwvhxD0eE6JbpTpNGnHu,1665175514.05472
3x04ph0jWlk4EgxgQ42gdK,141956,playlist,spotify:playlist:4sbwvhxD0eE6JbpTpNGnHu,1665175656.1750638
1HMwQR2U8VBEow0JzOAmA4,169789,playlist,spotify:playlist:4sbwvhxD0eE6JbpTpNGnHu,1665175826.4354246
20GbyJrUmAAZIt2x180YUF,154787,playlist,spotify:playlist:4sbwvhxD0eE6JbpTpNGnHu,1665175981.6171324
2K2nfIHU02JUJtzLvUx0ju,206313,playlist,spotify:playlist:4sbwvhxD0eE6JbpTpNGnHu,1665176189.2098763
7l8MgcIPx3tDfNpyKzr9ey,17386,playlist,spotify:playlist:4sbwvhxD0eE6JbpTpNGnHu,1665176205.6866817
1H7GjHUmLxp2NRSwDC3eso,178705,playlist,spotify:playlist:4sbwvhxD0eE6JbpTpNGnHu,1665176384.2021437
2sfYIKz3J8eZkBdTh25KyK,174914,playlist,spotify:playlist:4sbwvhxD0eE6JbpTpNGnHu,1665176559.2640345
0SkAhwaQTzxKE4luHN0H4m,170613,playlist,spotify:playlist:4sbwvhxD0eE6JbpTpNGnHu,1665176730.6790962
3lTH6qyJ1FEoO6Wkm9vl0I,161982,playlist,spotify:playlist:4sbwvhxD0eE6JbpTpNGnHu,1665176893.5201256
1rt9XZv70RLjjdeG6MDh1y,202273,playlist,spotify:playlist:4sbwvhxD0eE6JbpTpNGnHu,1665177096.1493878
6MjNilJCVKJq0LfFvo5jWJ,208517,playlist,spotify:playlist:4sbwvhxD0eE6JbpTpNGnHu,1665177304.6249437
7CLn8kURV1kTQmARRCSEQ3,157089,playlist,spotify:playlist:4sbwvhxD0eE6JbpTpNGnHu,1665177462.9385438
20O2mCvJkmrZ5RNED9tbpu,119066,playlist,spotify:playlist:4sbwvhxD0eE6JbpTpNGnHu,1665177582.4641683
2MyF6gLfTUve0eXR9rWbcI,143909,playlist,spotify:playlist:4sbwvhxD0eE6JbpTpNGnHu,1665177726.708329
0uqc00wyYU4ikXuVFDaqux,135233,playlist,spotify:playlist:4sbwvhxD0eE6JbpTpNGnHu,1665177861.9736414
0hGRIPiiHZKFSXvvUqeXSX,171226,playlist,spotify:playlist:4sbwvhxD0eE6JbpTpNGnHu,1665178034.4809089
18ogPzQRSl9oUcYUS35g7D,184946,playlist,spotify:playlist:4sbwvhxD0eE6JbpTpNGnHu,1665178219.4599366
6ddxSkfDxR8krMcheEmuzL,221889,playlist,spotify:playlist:4sbwvhxD0eE6JbpTpNGnHu,1665178441.8245635
6Jg3EeDICY79tUMfXNbS9Y,168986,playlist,spotify:playlist:4sbwvhxD0eE6JbpTpNGnHu,1665178611.6283495
1r8ZCjfrQxoy2wVaBUbpwg,164781,playlist,spotify:playlist:4sbwvhxD0eE6JbpTpNGnHu,1665178776.646263
0UJP4F2kGFf3ZhbV2QfFgu,162000,playlist,spotify:playlist:4sbwvhxD0eE6JbpTpNGnHu,1665178939.4366715
0jcPxc7Fme2oYb2MfFkOy6,215394,playlist,spotify:playlist:4sbwvhxD0eE6JbpTpNGnHu,1665179154.9541276
3DIRkZsEx7zFl6ow9qsyHz,134000,playlist,spotify:playlist:4sbwvhxD0eE6JbpTpNGnHu,1665179289.986667
36ibjANovvUo60xwamxLt7,37418,playlist,spotify:playlist:4sbwvhxD0eE6JbpTpNGnHu,1665179326.3969762
4aPzU7jCuoBibw6zGuzRdq,1058,playlist,spotify:playlist:4sbwvhxD0eE6JbpTpNGnHu,1665179327.493681
7pkpdj7AWQjujxxe38WF8f,163008,playlist,spotify:playlist:4sbwvhxD0eE6JbpTpNGnHu,1665179490.5000005
7wIcRhedBpZGpLf9PGKUEh,173250,playlist,spotify:playlist:4sbwvhxD0eE6JbpTpNGnHu,1665179663.3536243
5PmtPTXrLqgqQfqngsUqZp,114427,playlist,spotify:playlist:4sbwvhxD0eE6JbpTpNGnHu,1665179779.254951
3Bgl1xMI00capuTqUHBNUW,184093,playlist,spotify:playlist:4sbwvhxD0eE6JbpTpNGnHu,1665179963.2983756
6D7Y1ifRZYfqaTvffJ2zGT,154814,playlist,spotify:playlist:4sbwvhxD0eE6JbpTpNGnHu,1665180118.9022295
0o8iO4tGwKdxRePgMo9Qrw,144881,playlist,spotify:playlist:4sbwvhxD0eE6JbpTpNGnHu,1665180263.6170855
6mWCikZXHCCnEwkwyJ2L8G,147183,playlist,spotify:playlist:4sbwvhxD0eE6JbpTpNGnHu,1665180411.6761324
2ZQLEuaDw9rxJ5u5YR0KEw,142663,playlist,spotify:playlist:4sbwvhxD0eE6JbpTpNGnHu,1665180555.3397918
0pM1oWq2iw8W0AY6ORdC0x,150118,playlist,spotify:playlist:4sbwvhxD0eE6JbpTpNGnHu,1665180705.0388443
5cSg8SdClubjZ32WrKwzAW,162711,playlist,spotify:playlist:4sbwvhxD0eE6JbpTpNGnHu,1665180869.3014414
45HHTHXv7gQ5q2r89ui2Fy,127802,playlist,spotify:playlist:4sbwvhxD0eE6JbpTpNGnHu,1665180997.3863046
0Av7Ar6HYYeCKVYbDSQSbY,144149,playlist,spotify:playlist:4sbwvhxD0eE6JbpTpNGnHu,1665181141.3691785
1Hdh6lJUR1WZCiNPVWxLTA,137721,playlist,spotify:playlist:4sbwvhxD0eE6JbpTpNGnHu,1665181280.2657268
2cvOfKHOHgwQlLiuLKP2xR,158120,playlist,spotify:playlist:4sbwvhxD0eE6JbpTpNGnHu,1665181438.5237348
24ovEYWV3PjlLOSsmNEWQv,243813,playlist,spotify:playlist:4sbwvhxD0eE6JbpTpNGnHu,1665181682.8176775
0DntsVelzYRISWeBf4rmah,131396,playlist,spotify:playlist:4sbwvhxD0eE6JbpTpNGnHu,1665181814.405845
6wFqLYmiXyGvprbWa4ogm8,173488,playlist,spotify:playlist:4sbwvhxD0eE6JbpTpNGnHu,1665181987.9111664
6VN3dKYTClhY5eYQEnBehr,10946,playlist,spotify:playlist:4sbwvhxD0eE6JbpTpNGnHu,1665181998.876866
2qiadkWrq9h1i34Ut7KeTh,172227,playlist,spotify:playlist:4sbwvhxD0eE6JbpTpNGnHu,1665182171.0099974
6IirkWmtTPvDHg5J9IpxYS,145096,playlist,spotify:playlist:4sbwvhxD0eE6JbpTpNGnHu,1665182316.568985
6M1nfYPKy7DRk3IrhFVViQ,182547,playlist,spotify:playlist:4sbwvhxD0eE6JbpTpNGnHu,1665182499.5703123
5YSu5bnAHeB7pn43F9wdbm,153882,playlist,spotify:playlist:4sbwvhxD0eE6JbpTpNGnHu,1665182653.428797
2RJo6RNV5dpjLh6Co4nPsI,173923,playlist,spotify:playlist:4sbwvhxD0eE6JbpTpNGnHu,1665182828.4940157
3MmCFghNjzZMn3HKqbVizn,154767,playlist,spotify:playlist:4sbwvhxD0eE6JbpTpNGnHu,1665182984.1402993
0w57Y6usGOz6jz99s6eXkO,190524,playlist,spotify:playlist:4sbwvhxD0eE6JbpTpNGnHu,1665183174.5272667
2k5rWMAz9RvFS3k3kk3cc5,135000,playlist,spotify:playlist:4sbwvhxD0eE6JbpTpNGnHu,1665183310.051863
1w9L6dvttZalWd8XqFYvSa,135000,playlist,spotify:playlist:4sbwvhxD0eE6JbpTpNGnHu,1665183445.0750358
4VONhqGmUBlYmlBKQlyims,150093,playlist,spotify:playlist:4sbwvhxD0eE6JbpTpNGnHu,1665183596.8146007
5OJmt1xiOHZJGx8wTUAjEC,151724,playlist,spotify:playlist:4sbwvhxD0eE6JbpTpNGnHu,1665183748.1102228
5lZtXVDsSQaa43CfCuTx1F,101647,playlist,spotify:playlist:4sbwvhxD0eE6JbpTpNGnHu,1665183850.596818
2s14ypvd880AiEfZssEjaY,143587,playlist,spotify:playlist:4sbwvhxD0eE6JbpTpNGnHu,1665183994.591838
2tijppLc0gaWA2AfPDANvq,168180,playlist,spotify:playlist:4sbwvhxD0eE6JbpTpNGnHu,1665184162.937152
7w2iqaRxQgAGnkOdMhsiqu,122625,playlist,spotify:playlist:4sbwvhxD0eE6JbpTpNGnHu,1665184316.103983
0Av7Ar6HYYeCKVYbDSQSbY,61262,playlist,spotify:playlist:4sbwvhxD0eE6JbpTpNGnHu,1665184319.4326813
1Hdh6lJUR1WZCiNPVWxLTA,1360,playlist,spotify:playlist:4sbwvhxD0eE6JbpTpNGnHu,1665184320.563217
2cvOfKHOHgwQlLiuLKP2xR,647,playlist,spotify:playlist:4sbwvhxD0eE6JbpTpNGnHu,1665184389.7806156
1Hdh6lJUR1WZCiNPVWxLTA,2920,playlist,spotify:playlist:4sbwvhxD0eE6JbpTpNGnHu,1665184393.036891
2cvOfKHOHgwQlLiuLKP2xR,3718,playlist,spotify:playlist:4sbwvhxD0eE6JbpTpNGnHu,1665184396.367815
24ovEYWV3PjlLOSsmNEWQv,243364,playlist,spotify:playlist:4sbwvhxD0eE6JbpTpNGnHu,1665184638.7712586
0DntsVelzYRISWeBf4rmah,131396,playlist,spotify:playlist:4sbwvhxD0eE6JbpTpNGnHu,1665184770.9570866
6wFqLYmiXyGvprbWa4ogm8,201913,playlist,spotify:playlist:4sbwvhxD0eE6JbpTpNGnHu,1665184974.8708358
6VN3dKYTClhY5eYQEnBehr,203972,playlist,spotify:playlist:4sbwvhxD0eE6JbpTpNGnHu,1665185179.523486
2qiadkWrq9h1i34Ut7KeTh,173066,playlist,spotify:playlist:4sbwvhxD0eE6JbpTpNGnHu,1665185353.143488
6IirkWmtTPvDHg5J9IpxYS,143835,playlist,spotify:playlist:4sbwvhxD0eE6JbpTpNGnHu,1665185498.9843562
6M1nfYPKy7DRk3IrhFVViQ,45467,playlist,spotify:playlist:4sbwvhxD0eE6JbpTpNGnHu,1665185544.2534556
5YSu5bnAHeB7pn43F9wdbm,153168,playlist,spotify:playlist:4sbwvhxD0eE6JbpTpNGnHu,1665185696.5703084
2RJo6RNV5dpjLh6Co4nPsI,173923,playlist,spotify:playlist:4sbwvhxD0eE6JbpTpNGnHu,1665185872.2017272
3MmCFghNjzZMn3HKqbVizn,154767,playlist,spotify:playlist:4sbwvhxD0eE6JbpTpNGnHu,1665186026.4557192
0w57Y6usGOz6jz99s6eXkO,24781,playlist,spotify:playlist:4sbwvhxD0eE6JbpTpNGnHu,1665186051.3374467
2k5rWMAz9RvFS3k3kk3cc5,5333,playlist,spotify:playlist:4sbwvhxD0eE6JbpTpNGnHu,1665186056.92016
1HMwQR2U8VBEow0JzOAmA4,25324,playlist,spotify:playlist:4sbwvhxD0eE6JbpTpNGnHu,1665205428.9513314
20GbyJrUmAAZIt2x180YUF,154787,playlist,spotify:playlist:4sbwvhxD0eE6JbpTpNGnHu,1665257726.6092877
5JY5XNdyskEurS85nHeKr3,194281,playlist,spotify:playlist:4sbwvhxD0eE6JbpTpNGnHu,1665257890.0746217
0AlQL0hBWA1yTodHv30eYn,164646,playlist,spotify:playlist:4sbwvhxD0eE6JbpTpNGnHu,1665258067.963659
1w9L6dvttZalWd8XqFYvSa,70039,playlist,spotify:playlist:4sbwvhxD0eE6JbpTpNGnHu,1665258180.2203248
6bVFrhyMHTWzRe5v5RTnSA,155872,playlist,spotify:playlist:4sbwvhxD0eE6JbpTpNGnHu,1665258297.5763855
4FtZXSr2f2ztG5y69d3cNm,106378,playlist,spotify:playlist:4sbwvhxD0eE6JbpTpNGnHu,1665258404.446281
4qahEWQ9T4MlTFnDqbWtQU,156038,playlist,spotify:playlist:4sbwvhxD0eE6JbpTpNGnHu,1665258560.598254
3Bgl1xMI00capuTqUHBNUW,184093,playlist,spotify:playlist:4sbwvhxD0eE6JbpTpNGnHu,1665258745.7779653
5OJmt1xiOHZJGx8wTUAjEC,151724,playlist,spotify:playlist:4sbwvhxD0eE6JbpTpNGnHu,1665258897.8837152
3A9RV7frnaeqKGvF7kb0vd,126316,playlist,spotify:playlist:4sbwvhxD0eE6JbpTpNGnHu,1665259024.5212455
02gGfhPHk5NuN0mgbKpU4Y,178787,playlist,spotify:playlist:4sbwvhxD0eE6JbpTpNGnHu,1665259204.1888716
7wIcRhedBpZGpLf9PGKUEh,173250,playlist,spotify:playlist:4sbwvhxD0eE6JbpTpNGnHu,1665259377.121567
3DIRkZsEx7zFl6ow9qsyHz,134000,playlist,spotify:playlist:4sbwvhxD0eE6JbpTpNGnHu,1665259511.3400512
6M1nfYPKy7DRk3IrhFVViQ,182547,playlist,spotify:playlist:4sbwvhxD0eE6JbpTpNGnHu,1665259694.7850041
1H7GjHUmLxp2NRSwDC3eso,179024,playlist,spotify:playlist:4sbwvhxD0eE6JbpTpNGnHu,1665259874.44484
7pkpdj7AWQjujxxe38WF8f,163373,playlist,spotify:playlist:4sbwvhxD0eE6JbpTpNGnHu,1665260038.7596378
2RJo6RNV5dpjLh6Co4nPsI,173923,playlist,spotify:playlist:4sbwvhxD0eE6JbpTpNGnHu,1665260212.5275862
32FMAbZAzs3D70UuvnN6y4,151427,playlist,spotify:playlist:4sbwvhxD0eE6JbpTpNGnHu,1665260364.3074412
5PmtPTXrLqgqQfqngsUqZp,9320,playlist,spotify:playlist:4sbwvhxD0eE6JbpTpNGnHu,1665260973.3866675
2sfYIKz3J8eZkBdTh25KyK,151144,playlist,spotify:playlist:4sbwvhxD0eE6JbpTpNGnHu,1665269634.7278125
0tlM57cmnhLbHwxU8hGox4,104697,playlist,spotify:playlist:3azXUU3qm7vZVNyI6RSRLL,1665379102.908758
6P8zr1ghnd78EPhUO8axDm,175072,playlist,spotify:playlist:3azXUU3qm7vZVNyI6RSRLL,1665379278.397395
5jnJsaFikGCKyuqNP9gcwI,126967,playlist,spotify:playlist:3azXUU3qm7vZVNyI6RSRLL,1665379406.2417734
2J0NXdHr6MYvKDSxB7k3V2,143701,playlist,spotify:playlist:3azXUU3qm7vZVNyI6RSRLL,1665379549.0186324
3NXUqXUjmXvziJGXviRRkw,131788,playlist,spotify:playlist:33oMRKWg7Uk3spAZ8JA0bE,1665379680.9771092
2EsyJN3AvC3zBlkQpb119M,150933,playlist,spotify:playlist:33oMRKWg7Uk3spAZ8JA0bE,1665379833.2837045
34MqDD3411uJQvXsqpZv3D,122790,playlist,spotify:playlist:33oMRKWg7Uk3spAZ8JA0bE,1665379956.2610786
6lruHh1jF7ezgbLv72xYmf,222179,playlist,spotify:playlist:33oMRKWg7Uk3spAZ8JA0bE,1665380346.9746509
6P8zr1ghnd78EPhUO8axDm,175072,playlist,spotify:playlist:33oMRKWg7Uk3spAZ8JA0bE,1665380522.9864793
66FgjA5ZQJJuypFG1bc8se,160212,playlist,spotify:playlist:33oMRKWg7Uk3spAZ8JA0bE,1665380683.8165317
2BSbCCbaSCzkOEZa6N5901,218348,playlist,spotify:playlist:33oMRKWg7Uk3spAZ8JA0bE,1665380902.8989527
13EtMetztrji5zrka6Uzd3,226874,playlist,spotify:playlist:33oMRKWg7Uk3spAZ8JA0bE,1665381129.525104
2AbKro51mAUu7KePC6OkEF,165074,playlist,spotify:playlist:33oMRKWg7Uk3spAZ8JA0bE,1665381334.238303
7jahcsevTvePvdduUFVzpq,161400,playlist,spotify:playlist:33oMRKWg7Uk3spAZ8JA0bE,1665381495.9849257
2qOm7ukLyHUXWyR4ZWLwxA,260000,playlist,spotify:playlist:33oMRKWg7Uk3spAZ8JA0bE,1665381756.9365523
4URdynWUR50mXggi06ilrJ,145371,playlist,spotify:playlist:33oMRKWg7Uk3spAZ8JA0bE,1665381902.0911586
0oH0OIeKJSAT5bdFkbz20A,9352,playlist,spotify:playlist:33oMRKWg7Uk3spAZ8JA0bE,1665381911.9707808
6QNFQJKlZUKr0xlGZ74CZJ,156521,playlist,spotify:playlist:33oMRKWg7Uk3spAZ8JA0bE,1665382067.9438815
3HXMz5tYDJtmNonmSgHHDQ,178616,playlist,spotify:playlist:3qhsAmFXc8pLojY7uSlybO,1665382245.8587458
5OJmt1xiOHZJGx8wTUAjEC,151724,playlist,spotify:playlist:3qhsAmFXc8pLojY7uSlybO,1665382398.552218
0wZd01L6bsW9iGFHrDPf88,18215,playlist,spotify:playlist:3qhsAmFXc8pLojY7uSlybO,1665382416.0021944
3f07vmqG0FxVFdUWqTREEw,173676,playlist,spotify:playlist:3qhsAmFXc8pLojY7uSlybO,1665382588.953706
1tOpbxJMz9fAHd3Gt8nb7z,109811,playlist,spotify:playlist:3qhsAmFXc8pLojY7uSlybO,1665382698.877114
2J0NXdHr6MYvKDSxB7k3V2,221173,playlist,spotify:playlist:3qhsAmFXc8pLojY7uSlybO,1665382921.290333
3E9IjCRYLncxvIuCjsST9s,182307,playlist,spotify:playlist:3qhsAmFXc8pLojY7uSlybO,1665383104.2619958
5svL1PkWw8hPEAOdTNLexy,163260,playlist,spotify:playlist:3qhsAmFXc8pLojY7uSlybO,1665383267.834566
7yL4wdksHlDnmKvofxMTBE,180746,playlist,spotify:playlist:3qhsAmFXc8pLojY7uSlybO,1665383448.5951254
5YSHygGN9D0mID1NsVd5my,158032,playlist,spotify:playlist:3qhsAmFXc8pLojY7uSlybO,1665383606.9950264
7yF19wC6msoj2cGUEtlm1S,105536,playlist,spotify:playlist:3qhsAmFXc8pLojY7uSlybO,1665383713.328927
2CXF3c5KrBsXZygtyQJtq9,158316,playlist,spotify:playlist:3qhsAmFXc8pLojY7uSlybO,1665383872.6759052
05mDaV9Vb3wrzjF6OPZnhq,150866,playlist,spotify:playlist:3qhsAmFXc8pLojY7uSlybO,1665384023.944179
16Azhyv8164hYxI8Ax3F5k,131428,playlist,spotify:playlist:3qhsAmFXc8pLojY7uSlybO,1665384155.011864
5EHHMikaYxhe7N6h0gBvkn,212867,playlist,spotify:playlist:0eP0LalotCLHrkPuGWMvi7,1665434291.0389266
3BYIzNZ3t9lRQCACXSMLrT,188800,playlist,spotify:playlist:0eP0LalotCLHrkPuGWMvi7,1665434480.3566003
6jBNUlTbv3fyn5t4izsdMa,252975,playlist,spotify:playlist:0eP0LalotCLHrkPuGWMvi7,1665434734.3619802
230lpiiOSSrkKBlthBeJfk,137413,playlist,spotify:playlist:0eP0LalotCLHrkPuGWMvi7,1665434873.0030138
2lH43POZa4XHxydnZizET5,211174,playlist,spotify:playlist:0eP0LalotCLHrkPuGWMvi7,1665435084.9740677
2s14ypvd880AiEfZssEjaY,143587,playlist,spotify:playlist:0eP0LalotCLHrkPuGWMvi7,1665435229.5765522
13EtMetztrji5zrka6Uzd3,40201,playlist,spotify:playlist:0eP0LalotCLHrkPuGWMvi7,1665435282.7449784
7gVwgc8b3XnO87TpmXXFA5,171228,playlist,spotify:playlist:0eP0LalotCLHrkPuGWMvi7,1665435453.0757868
03m2VS3eYqKwbHvEykTYl5,188583,playlist,spotify:playlist:0eP0LalotCLHrkPuGWMvi7,1665435642.509495
0GLyqTysS0DFoeKjURtB8s,94655,playlist,spotify:playlist:0eP0LalotCLHrkPuGWMvi7,1665435737.0558105
3NXUqXUjmXvziJGXviRRkw,2806,playlist,spotify:playlist:0eP0LalotCLHrkPuGWMvi7,1665435739.307891
0GLyqTysS0DFoeKjURtB8s,10160,playlist,spotify:playlist:0eP0LalotCLHrkPuGWMvi7,1665435749.5588114
3NXUqXUjmXvziJGXviRRkw,132426,playlist,spotify:playlist:0eP0LalotCLHrkPuGWMvi7,1665435881.7951474
7jahcsevTvePvdduUFVzpq,161400,playlist,spotify:playlist:0eP0LalotCLHrkPuGWMvi7,1665436044.106687
4vDGc8mD9kHbC2Yy6pF6SE,147840,playlist,spotify:playlist:0eP0LalotCLHrkPuGWMvi7,1665436191.800301
7nn91SgkT5scOxPYLGSTzR,70124,playlist,spotify:playlist:0eP0LalotCLHrkPuGWMvi7,1665436261.7825165
2eFjKl5cyPPYElDByCh6Tb,165459,playlist,spotify:playlist:0eP0LalotCLHrkPuGWMvi7,1665436426.2668662
6Kfoo60npYPdvNxMPMiDpX,193565,playlist,spotify:playlist:0eP0LalotCLHrkPuGWMvi7,1665436619.9697533
5A6OHHy73AR5tLxgTc98zz,217426,playlist,spotify:playlist:0eP0LalotCLHrkPuGWMvi7,1665436837.8190758
5vYFytw8LxagF6WbpK5imG,196728,playlist,spotify:playlist:0eP0LalotCLHrkPuGWMvi7,1665437036.101189
09oabCfaOPGGXpyoAHxrXK,70531,playlist,spotify:playlist:0eP0LalotCLHrkPuGWMvi7,1665437107.2910597
0maSUktGFelOHPjTP8c1Kd,2456,playlist,spotify:playlist:0eP0LalotCLHrkPuGWMvi7,1665437109.4837925
0O6u0VJ46W86TxN9wgyqDj,192787,playlist,spotify:playlist:0eP0LalotCLHrkPuGWMvi7,1665437302.1913898
6VN3dKYTClhY5eYQEnBehr,203972,playlist,spotify:playlist:0eP0LalotCLHrkPuGWMvi7,1665437506.3330812
32FMAbZAzs3D70UuvnN6y4,164174,playlist,spotify:playlist:0eP0LalotCLHrkPuGWMvi7,1665437670.8314261
6D7Y1ifRZYfqaTvffJ2zGT,154814,playlist,spotify:playlist:0eP0LalotCLHrkPuGWMvi7,1665437826.7910175
2XOf1wURc66u5OvG809rIO,127733,playlist,spotify:playlist:0eP0LalotCLHrkPuGWMvi7,1665437954.7347283
5jnJsaFikGCKyuqNP9gcwI,126967,playlist,spotify:playlist:0eP0LalotCLHrkPuGWMvi7,1665438082.4015043
6MWH4pJQ5QYjidX2A2KECd,227346,playlist,spotify:playlist:0eP0LalotCLHrkPuGWMvi7,1665438309.8141775
7vgZq0er8ZJ98XsxLxpSlN,80842,playlist,spotify:playlist:0eP0LalotCLHrkPuGWMvi7,1665438391.123367
6eAbUNSkghrZnDe7pcALDs,5431,playlist,spotify:playlist:0eP0LalotCLHrkPuGWMvi7,1665438396.6609492
2Oo397nWzelAKMQBBIL8YI,181307,playlist,spotify:playlist:0eP0LalotCLHrkPuGWMvi7,1665438578.3817663
2BY5fNHmpjV797ByjLX4I7,238860,playlist,spotify:playlist:0eP0LalotCLHrkPuGWMvi7,1665438817.2530868
6mWCikZXHCCnEwkwyJ2L8G,146908,playlist,spotify:playlist:0eP0LalotCLHrkPuGWMvi7,1665438963.2729013
0GevQZGBPYjfPzK8e3jxzl,173778,playlist,spotify:playlist:0eP0LalotCLHrkPuGWMvi7,1665439137.839177
02HNBwIheiZAuzC8p1QBPn,13537,playlist,spotify:playlist:0eP0LalotCLHrkPuGWMvi7,1665439151.199471
352zfYbDFG8sxkmOAhVeuj,183879,playlist,spotify:playlist:0eP0LalotCLHrkPuGWMvi7,1665439334.3900049
15k2nBQJ0teDmPZHrOXL2N,221920,playlist,spotify:playlist:0eP0LalotCLHrkPuGWMvi7,1665439556.3360872
3f07vmqG0FxVFdUWqTREEw,173893,playlist,spotify:playlist:0eP0LalotCLHrkPuGWMvi7,1665439731.4097545
3nwd2gUT7l10HDUAOKXrhs,215937,playlist,spotify:playlist:0eP0LalotCLHrkPuGWMvi7,1665439947.4062643
1rLl5GAkjPXVbG2B8MrZAi,5348,playlist,spotify:playlist:0eP0LalotCLHrkPuGWMvi7,1665439952.9695466
0flSGzqHO12p9fU9kqaHGE,3978,playlist,spotify:playlist:0eP0LalotCLHrkPuGWMvi7,1665439956.2791111
1rLl5GAkjPXVbG2B8MrZAi,4177,playlist,spotify:playlist:0eP0LalotCLHrkPuGWMvi7,1665439960.7173896
0flSGzqHO12p9fU9kqaHGE,217054,playlist,spotify:playlist:0eP0LalotCLHrkPuGWMvi7,1665440178.4236958
7KoFHvEScguiEnD06xYtSt,5646,playlist,spotify:playlist:0eP0LalotCLHrkPuGWMvi7,1665440183.9619987
4fCE1SCDulouoac9Q8XroU,150175,playlist,spotify:playlist:0eP0LalotCLHrkPuGWMvi7,1665440334.5288916
7pDdE5FLqcNCvjxzRzm80r,174035,playlist,spotify:playlist:0eP0LalotCLHrkPuGWMvi7,1665440509.771899
2EsyJN3AvC3zBlkQpb119M,150933,playlist,spotify:playlist:0eP0LalotCLHrkPuGWMvi7,1665440661.749163
7dOGSR13vk5532IuIgKO4T,7632,playlist,spotify:playlist:0eP0LalotCLHrkPuGWMvi7,1665440668.4104753
2Kpsws23Oqf0wFwPrzJnWA,5537,playlist,spotify:playlist:0eP0LalotCLHrkPuGWMvi7,1665440673.910717
